date,gold_usd,crypto_usd,stablecoin_usd,stocks_usd,cash_usd,total_usd,usdthb
2026-08-05,611.54,3973.28,8733.0,3952.77,161.56,17432.15,33.61
2026-08-06,636.48,3949.53,8733.0,3914.8,162.61,17396.42,33.61
2026-08-07,630.59,3940.33,8733.0,3951.36,162.98,17418.26,33.61
2026-08-10,640.2,3994.68,8733.0,4028.06,164.03,17559.97,33.61
2026-08-21,678.35,4622.32,8733.0,3979.92,164.38,18177.97,33.61
2026-08-22,684.17,4673.93,8733.0,4003.17,165.43,18259.7,33.61
2026-08-24,688.91,4697.48,8733.0,4002.73,164.87,18286.99,33.61
2026-08-25,686.45,4852.09,8733.0,3952.62,165.16,18389.33,33.61
2026-08-26,689.64,4740.91,8733.0,3988.05,165.02,18316.62,33.61
2026-08-27,684.67,4754.2,8733.0,3979.38,164.4,18315.65,33.61
2026-08-28,678.1,4818.9,8733.0,4045.11,164.57,18439.68,33.61
2026-08-31,652.41,4667.53,8733.0,4010.02,163.36,18226.33,33.61
2026-09-01,655.86,4726.62,8733.0,4017.31,162.69,18295.48,33.61
2026-09-02,636.33,4673.17,8733.0,3973.73,162.59,18178.82,33.61
2026-09-03,654.98,4682.48,8749.39,3988.02,162.57,18237.44,33.61
2026-09-04,660.07,4890.04,8749.39,4026.42,163.68,18489.6,33.61
2026-09-06,654.35,4983.56,8749.39,4050.14,164.04,18601.48,33.61
2026-09-07,651.97,4955.88,8749.39,4049.92,164.08,18571.25,33.61
2026-09-08,650.46,4904.22,8749.39,4049.92,164.27,18518.26,33.61
2026-09-09,646.9,4921.53,8749.39,4094.42,164.02,18576.26,33.61
2026-09-10,652.44,4826.01,8749.39,4050.66,164.29,18442.79,33.61
2026-09-11,637.79,4725.66,8749.39,3986.61,164.06,18263.51,33.61
2026-09-13,644.46,4813.0,8749.39,4020.63,163.34,18390.83,33.61
2026-09-14,631.17,4807.24,8749.39,3916.64,163.31,18267.74,33.61
2026-09-15,636.96,4788.94,8749.39,3916.53,163.31,18255.13,33.61
2026-09-16,638.16,4711.4,8749.39,3956.74,162.58,18218.28,33.61
2026-09-17,632.03,4767.46,8749.39,3880.2,161.65,18190.73,33.61
2026-09-18,648.52,4925.72,8749.39,3971.3,162.0,18456.93,33.61
2026-09-20,646.79,5049.41,8749.39,4013.05,162.08,18620.72,33.61
2026-09-22,637.85,5268.14,8781.89,4086.31,162.21,18936.39,33.61
2026-09-24,631.21,5150.24,8781.89,4094.11,162.49,18819.94,33.61
2026-09-25,630.44,5158.49,8781.89,4067.33,161.71,18799.86,33.61
2026-09-26,631.64,5171.19,8781.89,4085.29,161.86,18831.87,33.61
2026-09-28,611.83,5088.31,8781.89,4106.57,161.79,18750.39,33.61
2026-09-29,610.12,5139.04,8781.89,4084.01,160.68,18775.74,33.61
2026-09-30,617.8,5074.34,8781.89,4100.8,160.68,18735.51,33.61
2026-10-01,614.65,5137.13,8781.89,4142.25,160.71,18836.63,33.61
2026-10-02,616.7,5267.3,8781.89,4145.18,160.48,18971.55,33.61
2026-10-04,608.41,5252.96,8781.89,4252.64,160.76,19056.66,33.61
2026-10-05,609.39,5333.05,8781.89,4252.64,160.67,19137.64,33.61
